Workbook
Name ACTION: #REF!
Name ACTION: #REF!

Sheet Cover
B2: TEST REPORT DOCUMENT
A4: Project Name | B4: RentSpace - Nền tảng Mạng xã hội & Đặt phòng trọ trực tuyến | E4: Creator | F4: Nhóm 06
A5: Project Code | B5: RentSpace | E5: Issue Date | F5: 2026-05-11
A6: Document Code | B6: RentSpace_Test Report_v1.0 | E6: Version | F6: v1.0
A9: Record of change
A10: Effective Date | B10: Version | C10: Change Item | D10: *A,D,M | E10: Change description | F10: Reference
A11: 45936 | B11: v1.0 | C11: All Document | D11: A | E11: Create test cases
A12: 45955 | B12: v1.1 | C12: All Document | D12: A | E12: Add new features and new test cases
A13: 45968 | B13: v1.2 | C13: All Document | D13: D | E13: Delete unecessary features
A14: 45996 | B14: v1.3 | C14: All Document | D14: M | E14: Reformat all document and fix document

Sheet Test Cases
D1: TEST CASE LIST
B3: Project Name | D3: RentSpace - Nền tảng Mạng xã hội & Đặt phòng trọ trực tuyến
B4: Project Code | D4: RentSpace
B5: Test Environment Setup Description | D5: 1. Server - FE: https://localhost:3000 - BE: http://localhost:8080 2. Database: PostgreSQL (localhost:5432) 3. Web Browser: Google Chrome / Microsoft Edge
B8: No | C8: Function Name | D8: Sheet Name | E8: Description | F8: Pre-Condition
B9: 1 | C9: Login via Google | D9: Authentication | E9: LUONG
B10: 2 | C10: Login with Email/Password | D10: Authentication | E10: LUONG
B11: 3 | C11: Forgot Password | D11: Authentication | E11: PHAT
B12: 4 | C12: Logout | D12: Authentication | E12: PHAT
B13: 5 | C13: Sign Up | D13: Authentication | E13: LUONG
B14: 6 | C14: View Profile | D14: Profile Management | E14: LUONG
B15: 7 | C15: Update Profile | D15: Profile Management | E15: LUONG
B16: 8 | C16: Change Password | D16: Profile Management | E16: PHAT
B17: 9 | C17: Search Room | D17: Heritage Browsing | E17: PHAT
B18: 10 | C18: View Room List | D18: Heritage Browsing | E18: LUONG
B19: 11 | C19: View Room Details | D19: Heritage Browsing | E19: LUONG
B20: 12 | C20: Seek AI Rental Advice | D20: Heritage Browsing | E20: LUONG
... B47: 39 | C47: View Analytics Dashboard | D47: Manage Heritages | E47: PHAT
D48: Manage Heritages
D49: Manage Heritages
D50: Manage Contributors
D51: Manage Contributors
D52: Manage Contributors
D53: Manage Contributors
D54: Manage Contributors
D55: Manage Categories
D56: Manage Categories
D57: Manage Categories
D58: Manage Categories
D59: Manage Tags
... D87: Interaction management

Sheet Test Statistics
B1: TEST STATISTICS
B3: Project Name | C3: RentSpace - Nền tảng Mạng xã hội & Đặt phòng trọ trực tuyến | E3: Creator | H3: MyPTT
B4: Project Code | C4: RentSpace | E4: Reviewer/Approver | G4: Nhóm 06 | H4: MinhNT
B5: Document Code | C5: RentSpace_Test Report_v1.0 | E5: Issue Date | G5: 2026-05-11 | H5: 45943
B6: Notes | C6: <List modules included in this release> ex: Release 1 includes 2 modules: Module1 and Module2
B10: No | C10: Module code | D10: Passed | E10: Failed | F10: Pending | G10: N/A | H10: Number of test cases
B11: 1 | C11: Authentication | D11: =Authentication!B6 | E11: =Authentication!C6 | F11: =Authentication!E6 | G11: =Authentication!F6 | H11: =Authentication!B4
B12: 2 | C12: Profile Management | D12: ='Profile Management'!B6 | E12: ='Profile Management'!C6 | F12: ='Profile Management'!E6 | G12: ='Profile Management'!F6 | H12: ='Profile Management'!B4
B13: 3 | C13: Room Management | D13: ='Room Management'!B6 | E13: ='Room Management'!C6 | F13: ='Room Management'!D6 | G13: ='Room Management'!E6 | H13: ='Room Management'!B4
B14: 4 | C14: Search & Filter | D14: ='Search & Filter'!B6 | E14: ='Search & Filter'!C6 | F14: ='Search & Filter'!D6 | G14: ='Search & Filter'!E6 | H14: ='Search & Filter'!B4
B15: 5 | C15: Social Features | D15: ='Social Features'!B6 | E15: ='Social Features'!C6 | F15: ='Social Features'!D6 | G15: ='Social Features'!E6 | H15: ='Social Features'!B4
B16: 6 | C16: Post Approval | D16: ='Post Approval'!B6 | E16: ='Post Approval'!C6 | F16: ='Post Approval'!D6 | G16: ='Post Approval'!E6 | H16: ='Post Approval'!B4
B17: 7 | C17: Payment Plan | D17: ='Payment Plan'!B6 | E17: ='Payment Plan'!C6 | F17: ='Payment Plan'!D6 | G17: ='Payment Plan'!E6 | H17: ='Payment Plan'!B4
B18: 8 | C18: KYC Verification | D18: ='KYC Verification'!B6 | E18: ='KYC Verification'!C6 | F18: ='KYC Verification'!D6 | G18: ='KYC Verification'!E6 | H18: ='KYC Verification'!B4
B19: 9 | C19: Rental Contract | D19: ='Rental Contract'!B6 | E19: ='Rental Contract'!C6 | F19: ='Rental Contract'!D6 | G19: ='Rental Contract'!E6 | H19: ='Rental Contract'!B4
B20: 10 | C20: Deposit & Dispute | D20: ='Deposit & Dispute'!B6 | E20: ='Deposit & Dispute'!C6 | F20: ='Deposit & Dispute'!D6 | G20: ='Deposit & Dispute'!E6 | H20: ='Deposit & Dispute'!B4
B21: 11 | C21: Payout Management | D21: ='Payout Management'!B6 | E21: ='Payout Management'!C6 | F21: ='Payout Management'!D6 | G21: ='Payout Management'!E6 | H21: ='Payout Management'!B4
C22: Sub total | D22: =SUM(D11:D21) | E22: =SUM(E11:E21) | F22: =SUM(F11:F21) | G22: =SUM(G11:G21) | H22: =SUM(H11:H21)
C24: Test coverage | E24: =IF(H22>0,(D22+E22)/H22,0) | F24: %
C25: Test successful coverage | E25: =IF((D22+E22)>0,D22/(D22+E22),0) | F25: %

Sheet Authentication
A2: Feature | B2: Authentication | S2: Passed
A3: Test requirement | S3: Failed
A4: Number of TCs | B4: 18 | S4: Pending
A5: Testing Round | B5: Passed | C5: Failed | E5: Pending | F5: N/A | S5: N/A
A6: Round 1 | B6: 0 | C6: 0 | E6: =COUNTIF($G10:$G1004,E5) | F6: =COUNTIF($G10:$G1004,F5)
A7: Round 2 | B7: 0 | C7: 0 | E7: =COUNTIF($J10:$J1038,E5) | F7: =COUNTIF($J10:$J1038,F5)
A8: Round 3 | B8: 0 | C8: 0 | E8: =COUNTIF($M10:$M1038,E5) | F8: =COUNTIF($M10:$M1038,F5)
A10: Test Case ID | B10: Test Case Description | C10: Test Case Procedure | D10: Test Data | E10: Expected Results | F10: Pre-conditions | G10: Round 1 | H10: Test date | I10: Tester | J10: Round 2 | K10: Test date | L10: Tester | M10: Round 3 | N10: Test date | O10: Tester | P10: Note
A11: TC_AUTH_001 | B11: Valid registration | C11: 1. Enter valid fullName, email, phoneNumber, password, and role. 2. Click register button. | D11: fullName: John Doe, email: johndoe@example.com, phoneNumber: 0901234567, password: P@ssw0rd, role: TENANT | E11: HTTP 201, {"success": true, "message": "Thành công", "data": {"message": "Vui lòng kiểm tra email để xác minh tài khoản"}} | F11: None
A12: TC_AUTH_002 | B12: Invalid email format | C12: 1. Enter invalid email format. 2. Click register button. | D12: email: invalidemail | E12: {"success": false, "message": "Dữ liệu không hợp lệ", "data": {"email": "Email không hợp lệ"}} | F12: None
A13: TC_AUTH_003 | B13: Duplicate email | C13: 1. Enter email that is already registered. 2. Click register button. | D13: email: existingemail@example.com | E13: {"success": false, "message": "Email đã được sử dụng: existingemail@example.com"} | F13: Email already registered
A14: TC_AUTH_004 | B14: Empty fullName | C14: 1. Leave fullName field empty. 2. Click register button. | D14: fullName: "" | E14: {"success": false, "message": "Dữ liệu không hợp lệ", "data": {"fullName": "Họ tên không được để trống"}} | F14: None
A15: TC_AUTH_005 | B15: Below min password length | C15: 1. Enter password with length less than 8 characters. 2. Click register button. | D15: password: P@ssw0 | E15: {"success": false, "message": "Dữ liệu không hợp lệ", "data": {"password": "Mật khẩu phải có ít nhất 8 ký tự"}} | F15: None
A16: TC_AUTH_006 | B16: At min password length | C16: 1. Enter password with length equal to 8 characters. 2. Click register button. | D16: password: P@ssw0rd | E16: HTTP 201, {"success": true, "message": "Thành công", "data": {"message": "Vui lòng kiểm tra email để xác minh tài khoản"}} | F16: None
A17: TC_AUTH_007 | B17: Above max password length | C17: 1. Enter password with length more than the maximum allowed characters. 2. Click register button. | D17: password: P@ssw0rdP@ssw0rdP@ssw0rd | E17: {"success": false, "message": "Dữ liệu không hợp lệ", "data": {"password": "Mật khẩu phải có ít nhất 8 ký tự"}} | F17: None
A18: TC_AUTH_008 | B18: Invalid phoneNumber format | C18: 1. Enter invalid phoneNumber format. 2. Click register button. | D18: phoneNumber: 1234567 | E18: {"success": false, "message": "Dữ liệu không hợp lệ", "data": {"phoneNumber": "Số điện thoại không hợp lệ"}} | F18: None
A19: TC_AUTH_009 | B19: Empty role | C19: 1. Leave role field empty. 2. Click register button. | D19: role: "" | E19: {"success": false, "message": "Dữ liệu không hợp lệ", "data": {"role": "Vai trò không được để trống"}} | F19: None
A20: TC_AUTH_010 | B20: Invalid role value | C20: 1. Enter invalid role value. 2. Click register button. | D20: role: CUSTOMER | E20: {"success": false, "message": "Dữ liệu không hợp lệ", "data": {"role": "Vai trò chỉ có thể là TENANT hoặc LANDLORD"}} | F20: None
A21: TC_AUTH_011 | B21: SQL Injection test | C21: 1. Enter SQL Injection payload in email field. 2. Click register button. | D21: email: ' OR 1=1 -- | E21: {"success": false, "message": "Dữ liệu không hợp lệ", "data": {"email": "Email không hợp lệ"}} | F21: None
A22: TC_AUTH_012 | B22: XSS test | C22: 1. Enter XSS payload in fullName field. 2. Click register button. | D22: fullName: <script>alert('XSS')</script> | E22: {"success": false, "message": "Dữ liệu không hợp lệ", "data": {"fullName": "Họ tên không được để trống"}} | F22: None
... A28: TC_AUTH_018 | B28: BVA at_min phoneNumber length | C28: 1. Enter phoneNumber with length equal to 10 characters. 2. Click register button. | D28: phoneNumber: 0901234567 | E28: HTTP 201, {"success": true, "message": "Thành công", "data": {"message": "Vui lòng kiểm tra email để xác minh tài khoản"}} | F28: None

Sheet Profile Management
A2: Feature | B2: Profile Management | S2: Passed
A3: Test requirement | B3: <Brief description about requirements which are tested in this sheet> | S3: Failed
A4: Number of TCs | B4: 0 | S4: Pending
A5: Testing Round | B5: Passed | C5: Failed | E5: Pending | F5: N/A | S5: N/A
A6: Round 1 | B6: 0 | C6: 0 | E6: =COUNTIF($G10:$G1004,E5) | F6: =COUNTIF($G10:$G997,F5)
A7: Round 2 | B7: 0 | C7: 0 | E7: =COUNTIF($M10:$M1038,E5) | F7: =COUNTIF($J10:$J1038,F5)
A8: Round 3 | B8: 0 | C8: 0 | E8: =COUNTIF($G10:$G997,E5) | F8: =COUNTIF($M10:$M1038,F5)
A10: Test Case ID | B10: Test Case Description | C10: Test Case Procedure | D10: Test Data | E10: Expected Results | F10: Pre-conditions | G10: Round 1 | H10: Test date | I10: Tester | J10: Round 2 | K10: Test date | L10: Tester | M10: Round 3 | N10: Test date | O10: Tester | P10: Note

Sheet Payment Plan
A2: Feature | B2: Payment Plan | R2: Passed
A3: Test requirement | R3: Failed
A4: Number of TCs | B4: 0 | R4: Pending
A5: Testing Round | B5: Passed | C5: Failed | D5: Pending | E5: N/A | R5: N/A
A6: Round 1 | B6: 0 | C6: 0 | D6: =COUNTIF($F10:$F1002,D5) | E6: =COUNTIF($F10:$F1002,E5)
A7: Round 2 | B7: 0 | C7: 0 | D7: =COUNTIF($I10:$I1036,D5) | E7: =COUNTIF($I10:$I1036,E5)
A8: Round 3 | B8: 0 | C8: 0 | D8: =COUNTIF($L10:$L1036,D5) | E8: =COUNTIF($L10:$L1036,E5)
A10: Test Case ID | B10: Test Case Description | C10: Test Case Procedure | D10: Test Data | E10: Expected Results | F10: Pre-conditions | G10: Round 1 | H10: Test date | I10: Tester | J10: Round 2 | K10: Test date | L10: Tester | M10: Round 3 | N10: Test date | O10: Tester | P10: Note

Sheet Room Management
A2: Feature | B2: Room Management | R2: Passed
A3: Test requirement | R3: Failed
A4: Number of TCs | B4: 0 | R4: Pending
A5: Testing Round | B5: Passed | C5: Failed | D5: Pending | E5: N/A | R5: N/A
A6: Round 1 | B6: 0 | C6: 0 | D6: =COUNTIF($F10:$F1004,D5) | E6: =COUNTIF($F10:$F1004,E5)
A7: Round 2 | B7: 0 | C7: 0 | D7: =COUNTIF($I10:$I1038,D5) | E7: =COUNTIF($I10:$I1038,E5)
A8: Round 3 | B8: 0 | C8: 0 | D8: =COUNTIF($L10:$L1038,D5) | E8: =COUNTIF($L10:$L1038,E5)
A10: Test Case ID | B10: Test Case Description | C10: Test Case Procedure | D10: Test Data | E10: Expected Results | F10: Pre-conditions | G10: Round 1 | H10: Test date | I10: Tester | J10: Round 2 | K10: Test date | L10: Tester | M10: Round 3 | N10: Test date | O10: Tester | P10: Note

Sheet Search & Filter
A2: Feature | B2: Search & Filter | R2: Passed
A3: Test requirement | R3: Failed
A4: Number of TCs | B4: 0 | R4: Pending
A5: Testing Round | B5: Passed | C5: Failed | D5: Pending | E5: N/A | R5: N/A
A6: Round 1 | B6: 0 | C6: 0 | D6: =COUNTIF($F10:$F1004,D5) | E6: =COUNTIF($F10:$F1004,E5)
A7: Round 2 | B7: 0 | C7: 0 | D7: =COUNTIF($I10:$I1038,D5) | E7: =COUNTIF($I10:$I1038,E5)
A8: Round 3 | B8: 0 | C8: 0 | D8: =COUNTIF($L10:$L1038,D5) | E8: =COUNTIF($L10:$L1038,E5)
A10: Test Case ID | B10: Test Case Description | C10: Test Case Procedure | D10: Test Data | E10: Expected Results | F10: Pre-conditions | G10: Round 1 | H10: Test date | I10: Tester | J10: Round 2 | K10: Test date | L10: Tester | M10: Round 3 | N10: Test date | O10: Tester | P10: Note

Sheet Social Features
A2: Feature | B2: Social Features | R2: Passed
A3: Test requirement | R3: Failed
A4: Number of TCs | B4: 0 | R4: Pending
A5: Testing Round | B5: Passed | C5: Failed | D5: Pending | E5: N/A | R5: N/A
A6: Round 1 | B6: 0 | C6: 0 | D6: =COUNTIF($F10:$F1004,D5) | E6: =COUNTIF($F10:$F1004,E5)
A7: Round 2 | B7: 0 | C7: 0 | D7: =COUNTIF($I10:$I1038,D5) | E7: =COUNTIF($I10:$I1038,E5)
A8: Round 3 | B8: 0 | C8: 0 | D8: =COUNTIF($L10:$L1038,D5) | E8: =COUNTIF($L10:$L1038,E5)
A10: Test Case ID | B10: Test Case Description | C10: Test Case Procedure | D10: Test Data | E10: Expected Results | F10: Pre-conditions | G10: Round 1 | H10: Test date | I10: Tester | J10: Round 2 | K10: Test date | L10: Tester | M10: Round 3 | N10: Test date | O10: Tester | P10: Note

Sheet Post Approval
A2: Feature | B2: Post Approval | R2: Passed
A3: Test requirement | R3: Failed
A4: Number of TCs | B4: 0 | R4: Pending
A5: Testing Round | B5: Passed | C5: Failed | D5: Pending | E5: N/A | R5: N/A
A6: Round 1 | B6: 0 | C6: 0 | D6: =COUNTIF($F10:$F1004,D5) | E6: =COUNTIF($F10:$F1004,E5)
A7: Round 2 | B7: 0 | C7: 0 | D7: =COUNTIF($I10:$I1038,D5) | E7: =COUNTIF($I10:$I1038,E5)
A8: Round 3 | B8: 0 | C8: 0 | D8: =COUNTIF($L10:$L1038,D5) | E8: =COUNTIF($L10:$L1038,E5)
A10: Test Case ID | B10: Test Case Description | C10: Test Case Procedure | D10: Test Data | E10: Expected Results | F10: Pre-conditions | G10: Round 1 | H10: Test date | I10: Tester | J10: Round 2 | K10: Test date | L10: Tester | M10: Round 3 | N10: Test date | O10: Tester | P10: Note

Sheet KYC Verification
A2: Feature | B2: KYC Verification | R2: Passed
A3: Test requirement | R3: Failed
A4: Number of TCs | B4: 0 | R4: Pending
A5: Testing Round | B5: Passed | C5: Failed | D5: Pending | E5: N/A | R5: N/A
A6: Round 1 | B6: 0 | C6: 0 | D6: =COUNTIF($F10:$F1004,D5) | E6: =COUNTIF($F10:$F1004,E5)
A7: Round 2 | B7: 0 | C7: 0 | D7: =COUNTIF($I10:$I1038,D5) | E7: =COUNTIF($I10:$I1038,E5)
A8: Round 3 | B8: 0 | C8: 0 | D8: =COUNTIF($L10:$L1038,D5) | E8: =COUNTIF($L10:$L1038,E5)
A10: Test Case ID | B10: Test Case Description | C10: Test Case Procedure | D10: Test Data | E10: Expected Results | F10: Pre-conditions | G10: Round 1 | H10: Test date | I10: Tester | J10: Round 2 | K10: Test date | L10: Tester | M10: Round 3 | N10: Test date | O10: Tester | P10: Note

Sheet Rental Contract
A2: Feature | B2: Rental Contract | R2: Passed
A3: Test requirement | R3: Failed
A4: Number of TCs | B4: 0 | R4: Pending
A5: Testing Round | B5: Passed | C5: Failed | D5: Pending | E5: N/A | R5: N/A
A6: Round 1 | B6: 0 | C6: 0 | D6: =COUNTIF($F10:$F1004,D5) | E6: =COUNTIF($F10:$F1004,E5)
A7: Round 2 | B7: 0 | C7: 0 | D7: =COUNTIF($I10:$I1038,D5) | E7: =COUNTIF($I10:$I1038,E5)
A8: Round 3 | B8: 0 | C8: 0 | D8: =COUNTIF($L10:$L1038,D5) | E8: =COUNTIF($L10:$L1038,E5)
A10: Test Case ID | B10: Test Case Description | C10: Test Case Procedure | D10: Test Data | E10: Expected Results | F10: Pre-conditions | G10: Round 1 | H10: Test date | I10: Tester | J10: Round 2 | K10: Test date | L10: Tester | M10: Round 3 | N10: Test date | O10: Tester | P10: Note

Sheet Deposit & Dispute
A2: Feature | B2: Deposit & Dispute | R2: Passed
A3: Test requirement | R3: Failed
A4: Number of TCs | B4: 0 | R4: Pending
A5: Testing Round | B5: Passed | C5: Failed | D5: Pending | E5: N/A | R5: N/A
A6: Round 1 | B6: 0 | C6: 0 | D6: =COUNTIF($F10:$F1004,D5) | E6: =COUNTIF($F10:$F1004,E5)
A7: Round 2 | B7: 0 | C7: 0 | D7: =COUNTIF($I10:$I1038,D5) | E7: =COUNTIF($I10:$I1038,E5)
A8: Round 3 | B8: 0 | C8: 0 | D8: =COUNTIF($L10:$L1038,D5) | E8: =COUNTIF($L10:$L1038,E5)
A10: Test Case ID | B10: Test Case Description | C10: Test Case Procedure | D10: Test Data | E10: Expected Results | F10: Pre-conditions | G10: Round 1 | H10: Test date | I10: Tester | J10: Round 2 | K10: Test date | L10: Tester | M10: Round 3 | N10: Test date | O10: Tester | P10: Note

Sheet Payout Management
A2: Feature | B2: Payout Management | R2: Passed
A3: Test requirement | R3: Failed
A4: Number of TCs | B4: 0 | R4: Pending
A5: Testing Round | B5: Passed | C5: Failed | D5: Pending | E5: N/A | R5: N/A
A6: Round 1 | B6: 0 | C6: 0 | D6: =COUNTIF($F10:$F1004,D5) | E6: =COUNTIF($F10:$F1004,E5)
A7: Round 2 | B7: 0 | C7: 0 | D7: =COUNTIF($I10:$I1038,D5) | E7: =COUNTIF($I10:$I1038,E5)
A8: Round 3 | B8: 0 | C8: 0 | D8: =COUNTIF($L10:$L1038,D5) | E8: =COUNTIF($L10:$L1038,E5)
A10: Test Case ID | B10: Test Case Description | C10: Test Case Procedure | D10: Test Data | E10: Expected Results | F10: Pre-conditions | G10: Round 1 | H10: Test date | I10: Tester | J10: Round 2 | K10: Test date | L10: Tester | M10: Round 3 | N10: Test date | O10: Tester | P10: Note
